{"pages":["calibri.png"],"chars":[{"id":8470,"index":950,"char":"№","width":41,"height":31,"xoffset":2,"yoffset":7,"xadvance":43,"chnl":15,"x":0,"y":0,"page":0},{"id":1092,"index":820,"char":"ф","width":27,"height":40,"xoffset":0,"yoffset":6,"xadvance":26,"chnl":15,"x":0,"y":32,"page":0},{"id":40,"index":894,"char":"(","width":11,"height":40,"xoffset":1,"yoffset":5,"xadvance":13,"chnl":15,"x":0,"y":73,"page":0},{"id":41,"index":895,"char":")","width":11,"height":40,"xoffset":1,"yoffset":5,"xadvance":13,"chnl":15,"x":0,"y":114,"page":0},{"id":1049,"index":689,"char":"Й","width":24,"height":38,"xoffset":2,"yoffset":0,"xadvance":27,"chnl":15,"x":0,"y":155,"page":0},{"id":1062,"index":713,"char":"Ц","width":26,"height":38,"xoffset":2,"yoffset":7,"xadvance":27,"chnl":15,"x":0,"y":194,"page":0},{"id":1065,"index":717,"char":"Щ","width":37,"height":38,"xoffset":2,"yoffset":7,"xadvance":37,"chnl":15,"x":12,"y":73,"page":0},{"id":1044,"index":682,"char":"Д","width":30,"height":38,"xoffset":-2,"yoffset":7,"xadvance":27,"chnl":15,"x":28,"y":32,"page":0},{"id":1031,"index":692,"char":"Ї","width":19,"height":37,"xoffset":-6,"yoffset":1,"xadvance":11,"chnl":15,"x":12,"y":112,"page":0},{"id":1070,"index":723,"char":"Ю","width":35,"height":31,"xoffset":2,"yoffset":7,"xadvance":37,"chnl":15,"x":42,"y":0,"page":0},{"id":1046,"index":686,"char":"Ж","width":34,"height":31,"xoffset":0,"yoffset":7,"xadvance":34,"chnl":15,"x":25,"y":150,"page":0},{"id":1064,"index":716,"char":"Ш","width":33,"height":31,"xoffset":2,"yoffset":7,"xadvance":36,"chnl":15,"x":32,"y":112,"page":0},{"id":1052,"index":698,"char":"М","width":33,"height":31,"xoffset":2,"yoffset":7,"xadvance":36,"chnl":15,"x":50,"y":71,"page":0},{"id":1081,"index":796,"char":"й","width":21,"height":33,"xoffset":0,"yoffset":6,"xadvance":23,"chnl":15,"x":59,"y":32,"page":0},{"id":1073,"index":781,"char":"б","width":24,"height":33,"xoffset":-2,"yoffset":5,"xadvance":22,"chnl":15,"x":81,"y":0,"page":0},{"id":1060,"index":711,"char":"Ф","width":31,"height":32,"xoffset":-2,"yoffset":6,"xadvance":29,"chnl":15,"x":81,"y":34,"page":0},{"id":1097,"index":826,"char":"щ","width":32,"height":30,"xoffset":1,"yoffset":14,"xadvance":31,"chnl":15,"x":106,"y":0,"page":0},{"id":33,"index":842,"char":"!","width":8,"height":32,"xoffset":3,"yoffset":6,"xadvance":14,"chnl":15,"x":27,"y":182,"page":0},{"id":37,"index":1081,"char":"%","width":31,"height":32,"xoffset":-1,"yoffset":7,"xadvance":30,"chnl":15,"x":27,"y":215,"page":0},{"id":63,"index":845,"char":"?","width":19,"height":32,"xoffset":1,"yoffset":6,"xadvance":19,"chnl":15,"x":36,"y":182,"page":0},{"id":1059,"index":708,"char":"У","width":25,"height":31,"xoffset":-2,"yoffset":7,"xadvance":22,"chnl":15,"x":56,"y":182,"page":0},{"id":1050,"index":694,"char":"К","width":22,"height":31,"xoffset":2,"yoffset":7,"xadvance":23,"chnl":15,"x":60,"y":144,"page":0},{"id":1045,"index":683,"char":"Е","width":19,"height":31,"xoffset":2,"yoffset":7,"xadvance":21,"chnl":15,"x":66,"y":103,"page":0},{"id":1053,"index":699,"char":"Н","width":23,"height":31,"xoffset":2,"yoffset":7,"xadvance":26,"chnl":15,"x":84,"y":67,"page":0},{"id":1043,"index":679,"char":"Г","width":18,"height":31,"xoffset":2,"yoffset":7,"xadvance":18,"chnl":15,"x":59,"y":214,"page":0},{"id":1047,"index":687,"char":"З","width":21,"height":31,"xoffset":0,"yoffset":7,"xadvance":20,"chnl":15,"x":78,"y":214,"page":0},{"id":1061,"index":712,"char":"Х","width":24,"height":31,"xoffset":-1,"yoffset":7,"xadvance":22,"chnl":15,"x":82,"y":176,"page":0},{"id":1030,"index":691,"char":"І","width":8,"height":31,"xoffset":2,"yoffset":7,"xadvance":11,"chnl":15,"x":83,"y":135,"page":0},{"id":1042,"index":678,"char":"В","width":21,"height":31,"xoffset":2,"yoffset":7,"xadvance":23,"chnl":15,"x":86,"y":99,"page":0},{"id":1040,"index":676,"char":"А","width":27,"height":31,"xoffset":-1,"yoffset":7,"xadvance":24,"chnl":15,"x":92,"y":131,"page":0},{"id":1055,"index":703,"char":"П","width":23,"height":31,"xoffset":2,"yoffset":7,"xadvance":26,"chnl":15,"x":100,"y":208,"page":0},{"id":1056,"index":704,"char":"Р","width":20,"height":31,"xoffset":2,"yoffset":7,"xadvance":22,"chnl":15,"x":107,"y":163,"page":0},{"id":1054,"index":701,"char":"О","width":28,"height":31,"xoffset":0,"yoffset":7,"xadvance":28,"chnl":15,"x":124,"y":195,"page":0},{"id":1051,"index":696,"char":"Л","width":26,"height":31,"xoffset":-2,"yoffset":7,"xadvance":26,"chnl":15,"x":108,"y":67,"page":0},{"id":1028,"index":722,"char":"Є","width":23,"height":31,"xoffset":0,"yoffset":7,"xadvance":23,"chnl":15,"x":108,"y":99,"page":0},{"id":1071,"index":724,"char":"Я","width":22,"height":31,"xoffset":0,"yoffset":7,"xadvance":23,"chnl":15,"x":120,"y":131,"page":0},{"id":1063,"index":715,"char":"Ч","width":21,"height":31,"xoffset":0,"yoffset":7,"xadvance":23,"chnl":15,"x":128,"y":163,"page":0},{"id":1057,"index":705,"char":"С","width":23,"height":31,"xoffset":0,"yoffset":7,"xadvance":22,"chnl":15,"x":132,"y":99,"page":0},{"id":1048,"index":688,"char":"И","width":24,"height":31,"xoffset":2,"yoffset":7,"xadvance":27,"chnl":15,"x":143,"y":131,"page":0},{"id":1058,"index":707,"char":"Т","width":24,"height":31,"xoffset":-2,"yoffset":7,"xadvance":20,"chnl":15,"x":150,"y":163,"page":0},{"id":1068,"index":720,"char":"Ь","width":22,"height":31,"xoffset":2,"yoffset":7,"xadvance":22,"chnl":15,"x":113,"y":31,"page":0},{"id":1041,"index":677,"char":"Б","width":21,"height":31,"xoffset":2,"yoffset":7,"xadvance":23,"chnl":15,"x":135,"y":63,"page":0},{"id":1091,"index":817,"char":"у","width":22,"height":31,"xoffset":-1,"yoffset":14,"xadvance":19,"chnl":15,"x":136,"y":31,"page":0},{"id":1111,"index":799,"char":"ї","width":17,"height":31,"xoffset":-5,"yoffset":7,"xadvance":10,"chnl":15,"x":156,"y":95,"page":0},{"id":1110,"index":798,"char":"і","width":8,"height":31,"xoffset":1,"yoffset":7,"xadvance":10,"chnl":15,"x":157,"y":63,"page":0},{"id":1088,"index":812,"char":"р","width":21,"height":31,"xoffset":1,"yoffset":14,"xadvance":22,"chnl":15,"x":168,"y":127,"page":0},{"id":69,"index":28,"char":"E","width":19,"height":31,"xoffset":2,"yoffset":7,"xadvance":21,"chnl":15,"x":153,"y":195,"page":0},{"id":53,"index":1009,"char":"5","width":21,"height":31,"xoffset":0,"yoffset":7,"xadvance":21,"chnl":15,"x":173,"y":195,"page":0},{"id":48,"index":1004,"char":"0","width":22,"height":31,"xoffset":-1,"yoffset":7,"xadvance":21,"chnl":15,"x":175,"y":159,"page":0},{"id":1094,"index":822,"char":"ц","width":23,"height":30,"xoffset":1,"yoffset":14,"xadvance":23,"chnl":15,"x":139,"y":0,"page":0},{"id":1076,"index":788,"char":"д","width":26,"height":30,"xoffset":-2,"yoffset":14,"xadvance":23,"chnl":15,"x":159,"y":31,"page":0},{"id":1078,"index":793,"char":"ж","width":30,"height":24,"xoffset":-1,"yoffset":14,"xadvance":29,"chnl":15,"x":124,"y":227,"page":0},{"id":1102,"index":832,"char":"ю","width":29,"height":24,"xoffset":1,"yoffset":14,"xadvance":30,"chnl":15,"x":155,"y":227,"page":0},{"id":59,"index":854,"char":";","width":11,"height":29,"xoffset":-1,"yoffset":15,"xadvance":11,"chnl":15,"x":185,"y":227,"page":0},{"id":1096,"index":825,"char":"ш","width":28,"height":24,"xoffset":1,"yoffset":14,"xadvance":31,"chnl":15,"x":163,"y":0,"page":0},{"id":1084,"index":805,"char":"м","width":28,"height":24,"xoffset":0,"yoffset":14,"xadvance":28,"chnl":15,"x":166,"y":62,"page":0},{"id":95,"index":890,"char":"_","width":25,"height":7,"xoffset":-2,"yoffset":39,"xadvance":21,"chnl":15,"x":166,"y":87,"page":0},{"id":1082,"index":801,"char":"к","width":19,"height":24,"xoffset":1,"yoffset":14,"xadvance":19,"chnl":15,"x":174,"y":95,"page":0},{"id":1077,"index":790,"char":"е","width":21,"height":24,"xoffset":0,"yoffset":14,"xadvance":21,"chnl":15,"x":195,"y":191,"page":0},{"id":1085,"index":806,"char":"н","width":20,"height":24,"xoffset":1,"yoffset":14,"xadvance":22,"chnl":15,"x":186,"y":25,"page":0},{"id":1075,"index":784,"char":"г","width":15,"height":24,"xoffset":1,"yoffset":14,"xadvance":15,"chnl":15,"x":192,"y":0,"page":0},{"id":1079,"index":794,"char":"з","width":18,"height":24,"xoffset":0,"yoffset":14,"xadvance":18,"chnl":15,"x":190,"y":120,"page":0},{"id":1093,"index":821,"char":"х","width":20,"height":24,"xoffset":-1,"yoffset":14,"xadvance":18,"chnl":15,"x":194,"y":87,"page":0},{"id":1074,"index":783,"char":"в","width":19,"height":24,"xoffset":1,"yoffset":14,"xadvance":20,"chnl":15,"x":195,"y":50,"page":0},{"id":1072,"index":780,"char":"а","width":19,"height":24,"xoffset":0,"yoffset":14,"xadvance":20,"chnl":15,"x":207,"y":25,"page":0},{"id":1087,"index":810,"char":"п","width":20,"height":24,"xoffset":1,"yoffset":14,"xadvance":22,"chnl":15,"x":208,"y":0,"page":0},{"id":1086,"index":808,"char":"о","width":22,"height":24,"xoffset":0,"yoffset":14,"xadvance":22,"chnl":15,"x":229,"y":0,"page":0},{"id":1083,"index":803,"char":"л","width":22,"height":24,"xoffset":-2,"yoffset":15,"xadvance":21,"chnl":15,"x":227,"y":25,"page":0},{"id":1108,"index":831,"char":"є","width":19,"height":24,"xoffset":0,"yoffset":14,"xadvance":19,"chnl":15,"x":197,"y":216,"page":0},{"id":1103,"index":833,"char":"я","width":20,"height":24,"xoffset":-1,"yoffset":14,"xadvance":20,"chnl":15,"x":217,"y":50,"page":0},{"id":1095,"index":824,"char":"ч","width":19,"height":24,"xoffset":-1,"yoffset":14,"xadvance":20,"chnl":15,"x":217,"y":75,"page":0},{"id":1089,"index":813,"char":"с","width":19,"height":24,"xoffset":0,"yoffset":14,"xadvance":18,"chnl":15,"x":237,"y":75,"page":0},{"id":1080,"index":795,"char":"и","width":20,"height":24,"xoffset":1,"yoffset":14,"xadvance":23,"chnl":15,"x":217,"y":100,"page":0},{"id":1090,"index":815,"char":"т","width":20,"height":24,"xoffset":-2,"yoffset":14,"xadvance":16,"chnl":15,"x":217,"y":125,"page":0},{"id":1100,"index":829,"char":"ь","width":19,"height":24,"xoffset":1,"yoffset":14,"xadvance":20,"chnl":15,"x":198,"y":150,"page":0},{"id":101,"index":286,"char":"e","width":21,"height":24,"xoffset":0,"yoffset":14,"xadvance":21,"chnl":15,"x":218,"y":150,"page":0},{"id":58,"index":855,"char":":","width":8,"height":23,"xoffset":2,"yoffset":15,"xadvance":11,"chnl":15,"x":0,"y":233,"page":0},{"id":43,"index":1085,"char":"+","width":22,"height":23,"xoffset":-1,"yoffset":13,"xadvance":21,"chnl":15,"x":217,"y":175,"page":0},{"id":61,"index":1089,"char":"=","width":21,"height":15,"xoffset":0,"yoffset":17,"xadvance":21,"chnl":15,"x":197,"y":241,"page":0},{"id":42,"index":910,"char":"*","width":18,"height":19,"xoffset":1,"yoffset":5,"xadvance":21,"chnl":15,"x":238,"y":50,"page":0},{"id":44,"index":853,"char":",","width":11,"height":15,"xoffset":-1,"yoffset":29,"xadvance":10,"chnl":15,"x":198,"y":175,"page":0},{"id":34,"index":919,"char":"\"","width":15,"height":15,"xoffset":1,"yoffset":5,"xadvance":17,"chnl":15,"x":100,"y":240,"page":0},{"id":45,"index":882,"char":"-","width":14,"height":7,"xoffset":-1,"yoffset":22,"xadvance":13,"chnl":15,"x":92,"y":163,"page":0},{"id":46,"index":856,"char":".","width":8,"height":9,"xoffset":1,"yoffset":29,"xadvance":11,"chnl":15,"x":186,"y":50,"page":0},{"id":32,"index":3,"char":" ","width":0,"height":0,"xoffset":-2,"yoffset":34,"xadvance":9,"chnl":15,"x":56,"y":214,"page":0}],"info":{"face":"calibri","size":42,"bold":0,"italic":0,"charset":["Й","Ц","У","К","Е","Н","Г","Ш","Щ","З","Х","Ї","Ф","І","В","А","П","Р","О","Л","Д","Ж","Є","Я","Ч","С","М","И","Т","Ь","Б","Ю","й","ц","у","к","е","н","г","ш","щ","з","х","ї","ф","і","в","а","п","р","о","л","д","ж","є","я","ч","с","м","и","т","ь","б","ю",".",",","!","\"","№",";","%",":","?","*","(",")","_","+","-","=","E","e","5","0"," "],"unicode":1,"stretchH":100,"smooth":1,"aa":1,"padding":[2,2,2,2],"spacing":[0,0]},"common":{"lineHeight":51,"base":34,"scaleW":256,"scaleH":256,"pages":1,"packed":0,"alphaChnl":0,"redChnl":0,"greenChnl":0,"blueChnl":0},"distanceField":{"fieldType":"msdf","distanceRange":4},"kernings":[]}